Workbook

Sheet Test Scenarios
A1: Scenario ID | B1: Module | C1: Scenario | D1: Priority | E1: Testing Type | F1: Expected Outcome
A2: TS_001 | B2: Header & Navigation | C2: Verify the home page loads and all main sections are present | D2: High | E2: Smoke; Functional | F2: Home page loads without errors and shows header, catalogue, brand section and contact details.
A3: TS_002 | B3: Header & Navigation | C3: Verify brand logo and name are displayed in the header | D3: Medium | E3: UI | F3: Logo mark and business name are visible, aligned and not distorted.
A4: TS_003 | B4: Header & Navigation | C4: Verify Home, Products and Contact navigation links | D4: High | E4: Functional; Sanity | F4: Each link scrolls to its section on the home page.
A5: TS_004 | B5: Header & Navigation | C5: Verify the header phone link | D5: High | E5: Functional | F5: Displayed number matches the tel: link and triggers a call action.
A6: TS_005 | B6: Header & Navigation | C6: Verify the header WhatsApp link | D6: High | E6: Functional | F6: WhatsApp opens with the business number and the pre-filled quote message.
A7: TS_006 | B7: Product Catalogue | C7: Verify catalogue heading and introduction text | D7: Medium | E7: UI | F7: 'Our Products' heading and introductory text are displayed correctly.
A8: TS_007 | B8: Product Catalogue | C8: Verify the total number of products and product names listed under 'All' | D8: High | E8: Functional; Positive | F8: 21 unique products are listed and match the product master list.
A9: TS_008 | B9: Product Catalogue | C9: Verify the content of each product card | D9: Medium | E9: UI; Functional | F9: Every card shows category, name, specification line and a View Product link.
A10: TS_009 | B10: Product Catalogue | C10: Verify View Product opens the correct detail page (one product per category) | D10: High | E10: Sanity; Functional | F10: Correct detail page opens for the selected product.
A11: TS_010 | B11: Product Catalogue | C11: Verify all 21 View Product links are valid | D11: High | E11: Regression; Functional | F11: All links open their own detail page; none are broken.
A12: TS_011 | B12: Category Filter | C12: Verify default filter state on page load | D12: High | E12: Smoke; Functional | F12: 'All' is active and all 21 products are displayed.
... A31: TS_030 | B31: URL Handling & Usability | C31: Verify content, branding and URL consistency across pages | D31: Low | E31: Usability; UI | F31: Brand name, spelling, phone numbers and URL pattern are consistent.

Sheet Test Cases
A1: Test Case ID | B1: Scenario ID | C1: Module | D1: Test Case | E1: Precondition | F1: Test Steps | G1: Test Data | H1: Expected Result | I1: Actual Result | J1: Status | K1: Priority
A2: TC_001 | B2: TS_001 | C2: Header & Navigation | D2: Verify the home page loads successfully | E2: Latest Google Chrome installed; stable internet connection. | F2: 1. Open Google Chrome. 2. Enter the URL in the address bar and press Enter. 3. Wait for the page to finish loading. 4. Note the browser tab title. | G2: URL: https://yashart.netlify.app/ | H2: Page loads without errors or a blank screen. Tab title is 'YASHART — Screen Printing'. Header, product catalogue and contact details are visible. | I2: =IFERROR(IF(INDEX('Test Execution'!$G$2:$G$55,MATCH($A2,'Test Execution'!$A$2:$A$55,0))="","Not Executed",INDEX('Test Execution'!$G$2:$G$55,MATCH($A2,'Test Execution'!$A$2:$A$55,0))),"Not Executed") -> Not Executed | J2: =IFERROR(IF(INDEX('Test Execution'!$H$2:$H$55,MATCH($A2,'Test Execution'!$A$2:$A$55,0))="","Not Executed",INDEX('Test Execution'!$H$2:$H$55,MATCH($A2,'Test Execution'!$A$2:$A$55,0))),"Not Executed") -> Not Executed | K2: High
A3: TC_002 | B3: TS_001 | C3: Header & Navigation | D3: Verify all main sections are present on the home page | E3: Latest Google Chrome installed; stable internet connection; home page opened. | F3: 1. Scroll slowly from the top to the bottom of the home page. 2. Note every section you pass. 3. Read the text of the brand section (below the catalogue). 4. Check the bottom of the page. | G3: Expected brand tagline: 'Printing & Packaging Solutions Under One Roof' | H3: Header with navigation, 'Our Products' catalogue with category filters and cards, the brand section with its tagline, Contact section with working hours and the copyright line are all present. No section is missing, overlapping or cut off. | I3: =IFERROR(IF(INDEX('Test Execution'!$G$2:$G$55,MATCH($A3,'Test Execution'!$A$2:$A$55,0))="","Not Executed",INDEX('Test Execution'!$G$2:$G$55,MATCH($A3,'Test Execution'!$A$2:$A$55,0))),"Not Executed") -> Not Executed | J3: =IFERROR(IF(INDEX('Test Execution'!$H$2:$H$55,MATCH($A3,'Test Execution'!$A$2:$A$55,0))="","Not Executed",INDEX('Test Execution'!$H$2:$H$55,MATCH($A3,'Test Execution'!$A$2:$A$55,0))),"Not Executed") -> Not Executed | K3: High
A4: TC_003 | B4: TS_002 | C4: Header & Navigation | D4: Verify the brand logo and name in the header | E4: Latest Google Chrome installed; stable internet connection; home page opened. | F4: 1. Look at the top-left of the header at 100% browser zoom. 2. Check the logo mark and the business name text. 3. Check alignment against the navigation links. | G4: Browser zoom: 100% | H4: A 'Y' logo mark and the name 'YASHART' with 'Screen Printing' are visible, aligned, readable and not cropped or stretched. | I4: =IFERROR(IF(INDEX('Test Execution'!$G$2:$G$55,MATCH($A4,'Test Execution'!$A$2:$A$55,0))="","Not Executed",INDEX('Test Execution'!$G$2:$G$55,MATCH($A4,'Test Execution'!$A$2:$A$55,0))),"Not Executed") -> Not Executed | J4: =IFERROR(IF(INDEX('Test Execution'!$H$2:$H$55,MATCH($A4,'Test Execution'!$A$2:$A$55,0))="","Not Executed",INDEX('Test Execution'!$H$2:$H$55,MATCH($A4,'Test Execution'!$A$2:$A$55,0))),"Not Executed") -> Not Executed | K4: Medium
A5: TC_004 | B5: TS_003 | C5: Header & Navigation | D5: Verify the 'Home' navigation link | E5: Home page loaded and scrolled down to the Contact section. | F5: 1. Scroll down to the Contact section. 2. Click 'Home' in the header. 3. Observe the scroll position and the address bar. | G5: Link: Home | H5: Page scrolls back to the top (home section). Address bar shows '#home'. No error or page break. | I5: =IFERROR(IF(INDEX('Test Execution'!$G$2:$G$55,MATCH($A5,'Test Execution'!$A$2:$A$55,0))="","Not Executed",INDEX('Test Execution'!$G$2:$G$55,MATCH($A5,'Test Execution'!$A$2:$A$55,0))),"Not Executed") -> Not Executed | J5: =IFERROR(IF(INDEX('Test Execution'!$H$2:$H$55,MATCH($A5,'Test Execution'!$A$2:$A$55,0))="","Not Executed",INDEX('Test Execution'!$H$2:$H$55,MATCH($A5,'Test Execution'!$A$2:$A$55,0))),"Not Executed") -> Not Executed | K5: Medium
A6: TC_005 | B6: TS_003 | C6: Header & Navigation | D6: Verify the 'Products' navigation link | E6: Home page loaded at the top. | F6: 1. Click 'Products' in the header. 2. Observe where the page scrolls. 3. Check the address bar. | G6: Link: Products | H6: Page scrolls to the 'Our Products' section; the heading and category filters are visible (not hidden behind the header). Address bar shows '#products'. | I6: =IFERROR(IF(INDEX('Test Execution'!$G$2:$G$55,MATCH($A6,'Test Execution'!$A$2:$A$55,0))="","Not Executed",INDEX('Test Execution'!$G$2:$G$55,MATCH($A6,'Test Execution'!$A$2:$A$55,0))),"Not Executed") -> Not Executed | J6: =IFERROR(IF(INDEX('Test Execution'!$H$2:$H$55,MATCH($A6,'Test Execution'!$A$2:$A$55,0))="","Not Executed",INDEX('Test Execution'!$H$2:$H$55,MATCH($A6,'Test Execution'!$A$2:$A$55,0))),"Not Executed") -> Not Executed | K6: High
A7: TC_006 | B7: TS_003 | C7: Header & Navigation | D7: Verify the 'Contact' navigation link | E7: Home page loaded at the top. | F7: 1. Click 'Contact' in the header. 2. Observe where the page scrolls. 3. Check the address bar. | G7: Link: Contact | H7: Page scrolls to the Contact section and the contact details are visible. Address bar shows '#contact'. | I7: =IFERROR(IF(INDEX('Test Execution'!$G$2:$G$55,MATCH($A7,'Test Execution'!$A$2:$A$55,0))="","Not Executed",INDEX('Test Execution'!$G$2:$G$55,MATCH($A7,'Test Execution'!$A$2:$A$55,0))),"Not Executed") -> Not Executed | J7: =IFERROR(IF(INDEX('Test Execution'!$H$2:$H$55,MATCH($A7,'Test Execution'!$A$2:$A$55,0))="","Not Executed",INDEX('Test Execution'!$H$2:$H$55,MATCH($A7,'Test Execution'!$A$2:$A$55,0))),"Not Executed") -> Not Executed | K7: High
A8: TC_007 | B8: TS_004 | C8: Header & Navigation | D8: Verify the phone link in the header | E8: Latest Google Chrome installed; stable internet connection; home page opened. Do NOT send any WhatsApp message or place any call - only verify what opens. | F8: 1. Note the phone number text in the header. 2. Hover over it and read the link shown in the browser status bar. 3. Click the phone link. 4. Observe the prompt or app that opens. Cancel without calling. | G8: Displayed number: +91 93235 74124 | H8: Displayed number is +91 93235 74124. Link target is tel:+919323574124. Clicking triggers a call prompt / dialer (or 'open app' prompt on desktop). No error page. | I8: =IFERROR(IF(INDEX('Test Execution'!$G$2:$G$55,MATCH($A8,'Test Execution'!$A$2:$A$55,0))="","Not Executed",INDEX('Test Execution'!$G$2:$G$55,MATCH($A8,'Test Execution'!$A$2:$A$55,0))),"Not Executed") -> Not Executed | J8: =IFERROR(IF(INDEX('Test Execution'!$H$2:$H$55,MATCH($A8,'Test Execution'!$A$2:$A$55,0))="","Not Executed",INDEX('Test Execution'!$H$2:$H$55,MATCH($A8,'Test Execution'!$A$2:$A$55,0))),"Not Executed") -> Not Executed | K8: High
A9: TC_008 | B9: TS_005 | C9: Header & Navigation | D9: Verify the WhatsApp link in the header | E9: Latest Google Chrome installed; stable internet connection; home page opened. Do NOT send any WhatsApp message or place any call - only verify what opens. | F9: 1. Click 'WhatsApp' in the header. 2. Observe the page or app that opens. 3. Check the recipient number and the pre-filled message text. 4. Close it without sending anything. | G9: Expected message: Hi Yashart, I would like a quote. | H9: WhatsApp (web or app) opens a chat with +91 93235 74124 with the message 'Hi Yashart, I would like a quote.' pre-filled. The message is not sent automatically. | I9: =IFERROR(IF(INDEX('Test Execution'!$G$2:$G$55,MATCH($A9,'Test Execution'!$A$2:$A$55,0))="","Not Executed",INDEX('Test Execution'!$G$2:$G$55,MATCH($A9,'Test Execution'!$A$2:$A$55,0))),"Not Executed") -> Not Executed | J9: =IFERROR(IF(INDEX('Test Execution'!$H$2:$H$55,MATCH($A9,'Test Execution'!$A$2:$A$55,0))="","Not Executed",INDEX('Test Execution'!$H$2:$H$55,MATCH($A9,'Test Execution'!$A$2:$A$55,0))),"Not Executed") -> Not Executed | K9: High
A10: TC_009 | B10: TS_006 | C10: Product Catalogue | D10: Verify catalogue heading and introduction text | E10: Latest Google Chrome installed; stable internet connection; home page opened. | F10: 1. Click 'Products' in the header. 2. Read the label, heading and the introduction paragraph. 3. Check for spelling or punctuation mistakes. | G10: Expected heading: Our Products | H10: 'Catalogue' label and 'Our Products' heading are shown. Intro text reads: 'Browse our full range and request a custom quote for any product — bulk-friendly pricing and custom printing available.' No typos. | I10: =IFERROR(IF(INDEX('Test Execution'!$G$2:$G$55,MATCH($A10,'Test Execution'!$A$2:$A$55,0))="","Not Executed",INDEX('Test Execution'!$G$2:$G$55,MATCH($A10,'Test Execution'!$A$2:$A$55,0))),"Not Executed") -> Not Executed | J10: =IFERROR(IF(INDEX('Test Execution'!$H$2:$H$55,MATCH($A10,'Test Execution'!$A$2:$A$55,0))="","Not Executed",INDEX('Test Execution'!$H$2:$H$55,MATCH($A10,'Test Execution'!$A$2:$A$55,0))),"Not Executed") -> Not Executed | K10: Medium
A11: TC_010 | B11: TS_007 | C11: Product Catalogue | D11: Verify 21 product cards are displayed under 'All' | E11: Latest Google Chrome installed; stable internet connection; home page opened. | F11: 1. Click 'Products' in the header. 2. Confirm the 'All' filter is selected. 3. Scroll through the product grid. 4. Count the cards using a tally. | G11: Expected count: 21 | H11: Exactly 21 product cards are displayed. | I11: =IFERROR(IF(INDEX('Test Execution'!$G$2:$G$55,MATCH($A11,'Test Execution'!$A$2:$A$55,0))="","Not Executed",INDEX('Test Execution'!$G$2:$G$55,MATCH($A11,'Test Execution'!$A$2:$A$55,0))),"Not Executed") -> Not Executed | J11: =IFERROR(IF(INDEX('Test Execution'!$H$2:$H$55,MATCH($A11,'Test Execution'!$A$2:$A$55,0))="","Not Executed",INDEX('Test Execution'!$H$2:$H$55,MATCH($A11,'Test Execution'!$A$2:$A$55,0))),"Not Executed") -> Not Executed | K11: High
A12: TC_011 | B12: TS_007 | C12: Product Catalogue | D12: Verify product names and specification lines against the product master list | E12: Latest Google Chrome installed; stable internet connection; home page opened. | F12: 1. Open Test-Data/YASHART_Product_Catalogue_Data.csv. 2. With 'All' selected, tick off each product in the CSV against the page. 3. Compare the name, category label and specification line of every card. 4. Note any missing, duplicate or mismatched product. | G12: File: YASHART_Product_Catalogue_Data.csv (21 products) | H12: All 21 products appear exactly once. Names, category labels and specification lines match the master list. No truncated or duplicated text. | I12: =IFERROR(IF(INDEX('Test Execution'!$G$2:$G$55,MATCH($A12,'Test Execution'!$A$2:$A$55,0))="","Not Executed",INDEX('Test Execution'!$G$2:$G$55,MATCH($A12,'Test Execution'!$A$2:$A$55,0))),"Not Executed") -> Not Executed | J12: =IFERROR(IF(INDEX('Test Execution'!$H$2:$H$55,MATCH($A12,'Test Execution'!$A$2:$A$55,0))="","Not Executed",INDEX('Test Execution'!$H$2:$H$55,MATCH($A12,'Test Execution'!$A$2:$A$55,0))),"Not Executed") -> Not Executed | K12: High
A13: TC_012 | B13: TS_008 | C13: Product Catalogue | D13: Verify the structure of every product card | E13: Latest Google Chrome installed; stable internet connection; home page opened. | F13: 1. With 'All' selected, inspect each card one by one. 2. Check for: thumbnail label, category, product name, specification line, 'View Product' link. 3. Check cards that show a 'Featured' tag. 4. Check text alignment and card height consistency. | G13: All 21 cards | H13: Every card shows all elements with no empty field, overflow or overlap. The 'Featured' tag, where shown, is readable and does not overlap other text. | I13: =IFERROR(IF(INDEX('Test Execution'!$G$2:$G$55,MATCH($A13,'Test Execution'!$A$2:$A$55,0))="","Not Executed",INDEX('Test Execution'!$G$2:$G$55,MATCH($A13,'Test Execution'!$A$2:$A$55,0))),"Not Executed") -> Not Executed | J13: =IFERROR(IF(INDEX('Test Execution'!$H$2:$H$55,MATCH($A13,'Test Execution'!$A$2:$A$55,0))="","Not Executed",INDEX('Test Execution'!$H$2:$H$55,MATCH($A13,'Test Execution'!$A$2:$A$55,0))),"Not Executed") -> Not Executed | K13: Medium
... A55: TC_054 | B55: TS_030 | C55: URL Handling & Usability | D55: Verify content, branding and URL consistency | E55: Latest Google Chrome installed; stable internet connection; home page opened. | F55: 1. Compare brand name spelling/casing, logo and navigation labels on the home page and three product pages. 2. Compare the browser tab titles. 3. Compare the URL pattern of the product pages (e.g. with or without '.html'). 4. Read headings and descriptions for typos or placeholder text. | G55: Home page + Food Parcel Container 500 ml, Aluminium Foil Container 450 ml, Royal Gold Foil Wedding Card | H55: Brand name, labels, spelling and URL conventions are consistent across pages, with no typos or placeholder text. Record any difference as an observation. | I55: =IFERROR(IF(INDEX('Test Execution'!$G$2:$G$55,MATCH($A55,'Test Execution'!$A$2:$A$55,0))="","Not Executed",INDEX('Test Execution'!$G$2:$G$55,MATCH($A55,'Test Execution'!$A$2:$A$55,0))),"Not Executed") -> Not Executed | J55: =IFERROR(IF(INDEX('Test Execution'!$H$2:$H$55,MATCH($A55,'Test Execution'!$A$2:$A$55,0))="","Not Executed",INDEX('Test Execution'!$H$2:$H$55,MATCH($A55,'Test Execution'!$A$2:$A$55,0))),"Not Executed") -> Not Executed | K55: Low

Sheet Test Execution
A1: Test Case ID | B1: Module | C1: Execution Date | D1: Tester | E1: Environment | F1: Browser | G1: Actual Result | H1: Status | I1: Defect ID | J1: Comments
A2: TC_001 | B2: =IFERROR(INDEX('Test Cases'!$C$2:$C$55,MATCH($A2,'Test Cases'!$A$2:$A$55,0)),"") -> Header & Navigation | G2: Not Executed | H2: Not Executed
A3: TC_002 | B3: =IFERROR(INDEX('Test Cases'!$C$2:$C$55,MATCH($A3,'Test Cases'!$A$2:$A$55,0)),"") -> Header & Navigation | G3: Not Executed | H3: Not Executed
A4: TC_003 | B4: =IFERROR(INDEX('Test Cases'!$C$2:$C$55,MATCH($A4,'Test Cases'!$A$2:$A$55,0)),"") -> Header & Navigation | G4: Not Executed | H4: Not Executed
A5: TC_004 | B5: =IFERROR(INDEX('Test Cases'!$C$2:$C$55,MATCH($A5,'Test Cases'!$A$2:$A$55,0)),"") -> Header & Navigation | G5: Not Executed | H5: Not Executed
A6: TC_005 | B6: =IFERROR(INDEX('Test Cases'!$C$2:$C$55,MATCH($A6,'Test Cases'!$A$2:$A$55,0)),"") -> Header & Navigation | G6: Not Executed | H6: Not Executed
A7: TC_006 | B7: =IFERROR(INDEX('Test Cases'!$C$2:$C$55,MATCH($A7,'Test Cases'!$A$2:$A$55,0)),"") -> Header & Navigation | G7: Not Executed | H7: Not Executed
A8: TC_007 | B8: =IFERROR(INDEX('Test Cases'!$C$2:$C$55,MATCH($A8,'Test Cases'!$A$2:$A$55,0)),"") -> Header & Navigation | G8: Not Executed | H8: Not Executed
A9: TC_008 | B9: =IFERROR(INDEX('Test Cases'!$C$2:$C$55,MATCH($A9,'Test Cases'!$A$2:$A$55,0)),"") -> Header & Navigation | G9: Not Executed | H9: Not Executed
A10: TC_009 | B10: =IFERROR(INDEX('Test Cases'!$C$2:$C$55,MATCH($A10,'Test Cases'!$A$2:$A$55,0)),"") -> Product Catalogue | G10: Not Executed | H10: Not Executed
A11: TC_010 | B11: =IFERROR(INDEX('Test Cases'!$C$2:$C$55,MATCH($A11,'Test Cases'!$A$2:$A$55,0)),"") -> Product Catalogue | G11: Not Executed | H11: Not Executed
A12: TC_011 | B12: =IFERROR(INDEX('Test Cases'!$C$2:$C$55,MATCH($A12,'Test Cases'!$A$2:$A$55,0)),"") -> Product Catalogue | G12: Not Executed | H12: Not Executed
A13: TC_012 | B13: =IFERROR(INDEX('Test Cases'!$C$2:$C$55,MATCH($A13,'Test Cases'!$A$2:$A$55,0)),"") -> Product Catalogue | G13: Not Executed | H13: Not Executed
... A55: TC_054 | B55: =IFERROR(INDEX('Test Cases'!$C$2:$C$55,MATCH($A55,'Test Cases'!$A$2:$A$55,0)),"") -> URL Handling & Usability | G55: Not Executed | H55: Not Executed

Sheet Bug Reports
A1: Bug ID | B1: Bug Title | C1: Module | D1: Environment | E1: Browser | F1: Precondition | G1: Steps to Reproduce | H1: Expected Result | I1: Actual Result | J1: Severity | K1: Priority | L1: Status | M1: Reported By | N1: Reported Date | O1: Screenshot/Evidence | P1: Comments

Sheet RTM
A1: Requirement ID | B1: Requirement | C1: Module | D1: Scenario ID | E1: Test Case ID | F1: Test Result | G1: Defect ID
A2: REQ_01 | B2: Home page loads and shows header, catalogue, brand section and contact section | C2: Header & Navigation | D2: TS_001 | E2: TC_001 | F2: =IFERROR(IF(INDEX('Test Execution'!$H$2:$H$55,MATCH($E2,'Test Execution'!$A$2:$A$55,0))="","Not Executed",INDEX('Test Execution'!$H$2:$H$55,MATCH($E2,'Test Execution'!$A$2:$A$55,0))),"Not Executed") -> Not Executed | G2: =IFERROR(IF(INDEX('Test Execution'!$I$2:$I$55,MATCH($E2,'Test Execution'!$A$2:$A$55,0))="","",INDEX('Test Execution'!$I$2:$I$55,MATCH($E2,'Test Execution'!$A$2:$A$55,0))),"")
A3: REQ_01 | B3: Home page loads and shows header, catalogue, brand section and contact section | C3: Header & Navigation | D3: TS_001 | E3: TC_002 | F3: =IFERROR(IF(INDEX('Test Execution'!$H$2:$H$55,MATCH($E3,'Test Execution'!$A$2:$A$55,0))="","Not Executed",INDEX('Test Execution'!$H$2:$H$55,MATCH($E3,'Test Execution'!$A$2:$A$55,0))),"Not Executed") -> Not Executed | G3: =IFERROR(IF(INDEX('Test Execution'!$I$2:$I$55,MATCH($E3,'Test Execution'!$A$2:$A$55,0))="","",INDEX('Test Execution'!$I$2:$I$55,MATCH($E3,'Test Execution'!$A$2:$A$55,0))),"")
A4: REQ_02 | B4: Header displays the brand logo and business name | C4: Header & Navigation | D4: TS_002 | E4: TC_003 | F4: =IFERROR(IF(INDEX('Test Execution'!$H$2:$H$55,MATCH($E4,'Test Execution'!$A$2:$A$55,0))="","Not Executed",INDEX('Test Execution'!$H$2:$H$55,MATCH($E4,'Test Execution'!$A$2:$A$55,0))),"Not Executed") -> Not Executed | G4: =IFERROR(IF(INDEX('Test Execution'!$I$2:$I$55,MATCH($E4,'Test Execution'!$A$2:$A$55,0))="","",INDEX('Test Execution'!$I$2:$I$55,MATCH($E4,'Test Execution'!$A$2:$A$55,0))),"")
A5: REQ_03 | B5: Header navigation links (Home, Products, Contact) scroll to their sections | C5: Header & Navigation | D5: TS_003 | E5: TC_004 | F5: =IFERROR(IF(INDEX('Test Execution'!$H$2:$H$55,MATCH($E5,'Test Execution'!$A$2:$A$55,0))="","Not Executed",INDEX('Test Execution'!$H$2:$H$55,MATCH($E5,'Test Execution'!$A$2:$A$55,0))),"Not Executed") -> Not Executed | G5: =IFERROR(IF(INDEX('Test Execution'!$I$2:$I$55,MATCH($E5,'Test Execution'!$A$2:$A$55,0))="","",INDEX('Test Execution'!$I$2:$I$55,MATCH($E5,'Test Execution'!$A$2:$A$55,0))),"")
A6: REQ_03 | B6: Header navigation links (Home, Products, Contact) scroll to their sections | C6: Header & Navigation | D6: TS_003 | E6: TC_005 | F6: =IFERROR(IF(INDEX('Test Execution'!$H$2:$H$55,MATCH($E6,'Test Execution'!$A$2:$A$55,0))="","Not Executed",INDEX('Test Execution'!$H$2:$H$55,MATCH($E6,'Test Execution'!$A$2:$A$55,0))),"Not Executed") -> Not Executed | G6: =IFERROR(IF(INDEX('Test Execution'!$I$2:$I$55,MATCH($E6,'Test Execution'!$A$2:$A$55,0))="","",INDEX('Test Execution'!$I$2:$I$55,MATCH($E6,'Test Execution'!$A$2:$A$55,0))),"")
A7: REQ_03 | B7: Header navigation links (Home, Products, Contact) scroll to their sections | C7: Header & Navigation | D7: TS_003 | E7: TC_006 | F7: =IFERROR(IF(INDEX('Test Execution'!$H$2:$H$55,MATCH($E7,'Test Execution'!$A$2:$A$55,0))="","Not Executed",INDEX('Test Execution'!$H$2:$H$55,MATCH($E7,'Test Execution'!$A$2:$A$55,0))),"Not Executed") -> Not Executed | G7: =IFERROR(IF(INDEX('Test Execution'!$I$2:$I$55,MATCH($E7,'Test Execution'!$A$2:$A$55,0))="","",INDEX('Test Execution'!$I$2:$I$55,MATCH($E7,'Test Execution'!$A$2:$A$55,0))),"")
A8: REQ_04 | B8: Header phone link triggers a call to the business number | C8: Header & Navigation | D8: TS_004 | E8: TC_007 | F8: =IFERROR(IF(INDEX('Test Execution'!$H$2:$H$55,MATCH($E8,'Test Execution'!$A$2:$A$55,0))="","Not Executed",INDEX('Test Execution'!$H$2:$H$55,MATCH($E8,'Test Execution'!$A$2:$A$55,0))),"Not Executed") -> Not Executed | G8: =IFERROR(IF(INDEX('Test Execution'!$I$2:$I$55,MATCH($E8,'Test Execution'!$A$2:$A$55,0))="","",INDEX('Test Execution'!$I$2:$I$55,MATCH($E8,'Test Execution'!$A$2:$A$55,0))),"")
A9: REQ_05 | B9: Header WhatsApp link opens a chat with a pre-filled quote message | C9: Header & Navigation | D9: TS_005 | E9: TC_008 | F9: =IFERROR(IF(INDEX('Test Execution'!$H$2:$H$55,MATCH($E9,'Test Execution'!$A$2:$A$55,0))="","Not Executed",INDEX('Test Execution'!$H$2:$H$55,MATCH($E9,'Test Execution'!$A$2:$A$55,0))),"Not Executed") -> Not Executed | G9: =IFERROR(IF(INDEX('Test Execution'!$I$2:$I$55,MATCH($E9,'Test Execution'!$A$2:$A$55,0))="","",INDEX('Test Execution'!$I$2:$I$55,MATCH($E9,'Test Execution'!$A$2:$A$55,0))),"")
A10: REQ_06 | B10: Catalogue shows the 'Our Products' heading and introduction text | C10: Product Catalogue | D10: TS_006 | E10: TC_009 | F10: =IFERROR(IF(INDEX('Test Execution'!$H$2:$H$55,MATCH($E10,'Test Execution'!$A$2:$A$55,0))="","Not Executed",INDEX('Test Execution'!$H$2:$H$55,MATCH($E10,'Test Execution'!$A$2:$A$55,0))),"Not Executed") -> Not Executed | G10: =IFERROR(IF(INDEX('Test Execution'!$I$2:$I$55,MATCH($E10,'Test Execution'!$A$2:$A$55,0))="","",INDEX('Test Execution'!$I$2:$I$55,MATCH($E10,'Test Execution'!$A$2:$A$55,0))),"")
A11: REQ_07 | B11: Catalogue lists all 21 products with category, name and specification line | C11: Product Catalogue | D11: TS_007 | E11: TC_010 | F11: =IFERROR(IF(INDEX('Test Execution'!$H$2:$H$55,MATCH($E11,'Test Execution'!$A$2:$A$55,0))="","Not Executed",INDEX('Test Execution'!$H$2:$H$55,MATCH($E11,'Test Execution'!$A$2:$A$55,0))),"Not Executed") -> Not Executed | G11: =IFERROR(IF(INDEX('Test Execution'!$I$2:$I$55,MATCH($E11,'Test Execution'!$A$2:$A$55,0))="","",INDEX('Test Execution'!$I$2:$I$55,MATCH($E11,'Test Execution'!$A$2:$A$55,0))),"")
A12: REQ_07 | B12: Catalogue lists all 21 products with category, name and specification line | C12: Product Catalogue | D12: TS_007 | E12: TC_011 | F12: =IFERROR(IF(INDEX('Test Execution'!$H$2:$H$55,MATCH($E12,'Test Execution'!$A$2:$A$55,0))="","Not Executed",INDEX('Test Execution'!$H$2:$H$55,MATCH($E12,'Test Execution'!$A$2:$A$55,0))),"Not Executed") -> Not Executed | G12: =IFERROR(IF(INDEX('Test Execution'!$I$2:$I$55,MATCH($E12,'Test Execution'!$A$2:$A$55,0))="","",INDEX('Test Execution'!$I$2:$I$55,MATCH($E12,'Test Execution'!$A$2:$A$55,0))),"")
A13: REQ_07 | B13: Catalogue lists all 21 products with category, name and specification line | C13: Product Catalogue | D13: TS_008 | E13: TC_012 | F13: =IFERROR(IF(INDEX('Test Execution'!$H$2:$H$55,MATCH($E13,'Test Execution'!$A$2:$A$55,0))="","Not Executed",INDEX('Test Execution'!$H$2:$H$55,MATCH($E13,'Test Execution'!$A$2:$A$55,0))),"Not Executed") -> Not Executed | G13: =IFERROR(IF(INDEX('Test Execution'!$I$2:$I$55,MATCH($E13,'Test Execution'!$A$2:$A$55,0))="","",INDEX('Test Execution'!$I$2:$I$55,MATCH($E13,'Test Execution'!$A$2:$A$55,0))),"")
... A55: REQ_20 | B55: Content, branding and URLs are consistent across pages | C55: URL Handling & Usability | D55: TS_030 | E55: TC_054 | F55: =IFERROR(IF(INDEX('Test Execution'!$H$2:$H$55,MATCH($E55,'Test Execution'!$A$2:$A$55,0))="","Not Executed",INDEX('Test Execution'!$H$2:$H$55,MATCH($E55,'Test Execution'!$A$2:$A$55,0))),"Not Executed") -> Not Executed | G55: =IFERROR(IF(INDEX('Test Execution'!$I$2:$I$55,MATCH($E55,'Test Execution'!$A$2:$A$55,0))="","",INDEX('Test Execution'!$I$2:$I$55,MATCH($E55,'Test Execution'!$A$2:$A$55,0))),"")
A57: Note: Requirements are 'observed requirements' derived from the live website because no SRS/BRD was provided. One row per test case.

Sheet Test Summary
A1: TEST SUMMARY REPORT - YASHART Manual Testing
A3: Project Details | E3: Results by Module (auto-calculated)
A4: Project Name | B4: YASHART Manual Testing Project | E4: Module | F4: Total | G4: Pass | H4: Fail | I4: Blocked | J4: Not Executed
A5: Application | B5: YASHART — Screen Printing (https://yashart.netlify.app/) | E5: Header & Navigation | F5: =COUNTIF('Test Cases'!$C$2:$C$55,$E5) -> 8 | G5: =COUNTIFS('Test Execution'!$B$2:$B$55,$E5,'Test Execution'!$H$2:$H$55,"Pass") -> 0 | H5: =COUNTIFS('Test Execution'!$B$2:$B$55,$E5,'Test Execution'!$H$2:$H$55,"Fail") -> 0 | I5: =COUNTIFS('Test Execution'!$B$2:$B$55,$E5,'Test Execution'!$H$2:$H$55,"Blocked") -> 0 | J5: =F5-G5-H5-I5 -> 8
A6: Testing Period | C6: Fill in: start date to end date | E6: Product Catalogue | F6: =COUNTIF('Test Cases'!$C$2:$C$55,$E6) -> 6 | G6: =COUNTIFS('Test Execution'!$B$2:$B$55,$E6,'Test Execution'!$H$2:$H$55,"Pass") -> 0 | H6: =COUNTIFS('Test Execution'!$B$2:$B$55,$E6,'Test Execution'!$H$2:$H$55,"Fail") -> 0 | I6: =COUNTIFS('Test Execution'!$B$2:$B$55,$E6,'Test Execution'!$H$2:$H$55,"Blocked") -> 0 | J6: =F6-G6-H6-I6 -> 6
A7: Testing Environment | C7: Fill in: OS, browser versions, device/viewport used | E7: Category Filter | F7: =COUNTIF('Test Cases'!$C$2:$C$55,$E7) -> 10 | G7: =COUNTIFS('Test Execution'!$B$2:$B$55,$E7,'Test Execution'!$H$2:$H$55,"Pass") -> 0 | H7: =COUNTIFS('Test Execution'!$B$2:$B$55,$E7,'Test Execution'!$H$2:$H$55,"Fail") -> 0 | I7: =COUNTIFS('Test Execution'!$B$2:$B$55,$E7,'Test Execution'!$H$2:$H$55,"Blocked") -> 0 | J7: =F7-G7-H7-I7 -> 10
A8: Tester | C8: Fill in | E8: Product Detail | F8: =COUNTIF('Test Cases'!$C$2:$C$55,$E8) -> 12 | G8: =COUNTIFS('Test Execution'!$B$2:$B$55,$E8,'Test Execution'!$H$2:$H$55,"Pass") -> 0 | H8: =COUNTIFS('Test Execution'!$B$2:$B$55,$E8,'Test Execution'!$H$2:$H$55,"Fail") -> 0 | I8: =COUNTIFS('Test Execution'!$B$2:$B$55,$E8,'Test Execution'!$H$2:$H$55,"Blocked") -> 0 | J8: =F8-G8-H8-I8 -> 12
E9: Enquiry Links | F9: =COUNTIF('Test Cases'!$C$2:$C$55,$E9) -> 6 | G9: =COUNTIFS('Test Execution'!$B$2:$B$55,$E9,'Test Execution'!$H$2:$H$55,"Pass") -> 0 | H9: =COUNTIFS('Test Execution'!$B$2:$B$55,$E9,'Test Execution'!$H$2:$H$55,"Fail") -> 0 | I9: =COUNTIFS('Test Execution'!$B$2:$B$55,$E9,'Test Execution'!$H$2:$H$55,"Blocked") -> 0 | J9: =F9-G9-H9-I9 -> 6
A10: Test Execution Metrics (auto-calculated) | E10: Contact & Footer | F10: =COUNTIF('Test Cases'!$C$2:$C$55,$E10) -> 4 | G10: =COUNTIFS('Test Execution'!$B$2:$B$55,$E10,'Test Execution'!$H$2:$H$55,"Pass") -> 0 | H10: =COUNTIFS('Test Execution'!$B$2:$B$55,$E10,'Test Execution'!$H$2:$H$55,"Fail") -> 0 | I10: =COUNTIFS('Test Execution'!$B$2:$B$55,$E10,'Test Execution'!$H$2:$H$55,"Blocked") -> 0 | J10: =F10-G10-H10-I10 -> 4
A11: Total Test Cases | B11: =COUNTA('Test Cases'!$A$2:$A$55) -> 54 | C11: Counted from the Test Cases sheet | E11: Responsive & Compatibility | F11: =COUNTIF('Test Cases'!$C$2:$C$55,$E11) -> 5 | G11: =COUNTIFS('Test Execution'!$B$2:$B$55,$E11,'Test Execution'!$H$2:$H$55,"Pass") -> 0 | H11: =COUNTIFS('Test Execution'!$B$2:$B$55,$E11,'Test Execution'!$H$2:$H$55,"Fail") -> 0 | I11: =COUNTIFS('Test Execution'!$B$2:$B$55,$E11,'Test Execution'!$H$2:$H$55,"Blocked") -> 0 | J11: =F11-G11-H11-I11 -> 5
A12: Passed | B12: =COUNTIF('Test Execution'!$H$2:$H$55,"Pass") -> 0 | C12: From Test Execution > Status | E12: URL Handling & Usability | F12: =COUNTIF('Test Cases'!$C$2:$C$55,$E12) -> 3 | G12: =COUNTIFS('Test Execution'!$B$2:$B$55,$E12,'Test Execution'!$H$2:$H$55,"Pass") -> 0 | H12: =COUNTIFS('Test Execution'!$B$2:$B$55,$E12,'Test Execution'!$H$2:$H$55,"Fail") -> 0 | I12: =COUNTIFS('Test Execution'!$B$2:$B$55,$E12,'Test Execution'!$H$2:$H$55,"Blocked") -> 0 | J12: =F12-G12-H12-I12 -> 3
A13: Failed | B13: =COUNTIF('Test Execution'!$H$2:$H$55,"Fail") -> 0 | E13: TOTAL | F13: =SUM(F5:F12) -> 54 | G13: =SUM(G5:G12) -> 0 | H13: =SUM(H5:H12) -> 0 | I13: =SUM(I5:I12) -> 0 | J13: =SUM(J5:J12) -> 54
A14: Blocked | B14: =COUNTIF('Test Execution'!$H$2:$H$55,"Blocked") -> 0
A15: Executed | B15: =B12+B13+B14 -> 0 | C15: Passed + Failed + Blocked
A16: Not Executed | B16: =B11-B15 -> 54 | C16: Total - Executed
A17: Execution % | B17: =IF(B11=0,0,B15/B11) -> 0 | C17: Executed / Total
A18: Pass % (of executed) | B18: =IF(B15=0,0,B12/B15) -> 0 | C18: Passed / Executed
A20: Defect Metrics (auto-calculated)
A21: Total Defects | B21: =COUNTA('Bug Reports'!$A$2:$A$101) -> 0 | C21: Counted from Bug ID column in Bug Reports
A22: Critical Defects | B22: =COUNTIF('Bug Reports'!$J$2:$J$101,"Critical") -> 0
A23: High Defects | B23: =COUNTIF('Bug Reports'!$J$2:$J$101,"High") -> 0
A24: Medium Defects | B24: =COUNTIF('Bug Reports'!$J$2:$J$101,"Medium") -> 0
A25: Low Defects | B25: =COUNTIF('Bug Reports'!$J$2:$J$101,"Low") -> 0
A26: Open Defects | B26: =B21-COUNTIF('Bug Reports'!$L$2:$L$101,"Closed")-COUNTIF('Bug Reports'!$L$2:$L$101,"Rejected") -> 0 | C26: Total minus Closed and Rejected
A28: Scope and Findings
A29: Testing Scope | B29: Home page, header navigation, product catalogue (21 products), category filter (All + 6), product detail pages, WhatsApp/phone enquiry links, contact section, responsive layout, browser compatibility, URL handling and content consistency of https://yashart.netlify.app/. | C29: Planned scope - edit if the executed scope differs
A30: Testing Types | B30: Smoke, Sanity, Functional, UI, Usability, Responsive, Compatibility, Regression, Retesting (after a defect is fixed). | C30: Planned - remove any type not actually performed
A31: Major Findings | C31: Complete AFTER execution. Summarise real defects/observations only.
A32: Known Limitations | B32: Manual testing only. Live third-party site tested without requirements document. WhatsApp, phone and Instagram links verified only up to the point they open (no messages sent, no calls placed). Browser and device coverage limited to what was available to the tester. No performance, security or accessibility audit. | C32: Planned limitations - review and edit after execution
A33: Overall Conclusion | C33: Complete AFTER execution, based on the metrics above.

Sheet Instructions
A1: HOW TO USE THIS WORKBOOK
A2: Colour legend | B2: Yellow cell = you type here. Grey cell with green text = formula, do not type over it. Dark-blue row = column headers.
A3: Where to record results | B3: Record ALL execution results only in the 'Test Execution' sheet (columns C to J). The 'Test Cases', 'RTM' and 'Test Summary' sheets update automatically from it.
A4: Status values | B4: Pass, Fail, Blocked, Not Executed (drop-down in Test Execution > Status). Every case starts as 'Not Executed'.
A5: Failing a test | B5: Set Status = Fail, write what you actually observed in Actual Result, log the bug in 'Bug Reports', then put its Bug ID in Test Execution > Defect ID.
A6: Blocked | B6: Use when a test cannot be run (e.g. page not loading, app not installed). Explain why in Comments.
A7: Bug Reports sheet | B7: Type one defect per row starting from row 2. Bug ID format: BUG_001, BUG_002 ... Leave unused rows empty - the summary counts rows that have a Bug ID.
A8: Severity guide | B8: Critical = site unusable / main enquiry flow impossible. High = major feature broken, no workaround. Medium = feature partly wrong, workaround exists. Low = cosmetic / minor text issue.
A9: Priority guide | B9: High = fix first. Medium = fix in normal course. Low = fix when time permits.
A10: Format examples (formats only) | B10: Execution Date: DD-MMM-YYYY (e.g. 12-Oct-2026). Browser: name + version (e.g. Chrome 130). Environment: OS + device (e.g. Windows 11 / Desktop). Evidence: relative path (e.g. Screenshots/Bugs/BUG_001_title.png).
A11: Do not | B11: Do not sort or delete rows in 'Test Execution' or 'Test Cases' without keeping IDs together. Do not change Test Case IDs. Do not enter results for tests you have not run.
A12: Requirements note | B12: No SRS was available, so requirements in the RTM are 'observed requirements' derived from the live site on 09-Oct-2026.
